x, v, y, TIME, f0, f1, f2
0.0, 0.0, 10.0, 0.0, -9.81, 0.0, 1.0
0.01, -0.0981, 10.0, 0.01, -9.81, -0.0981, 1.0
0.02, -0.1962, 9.999019, 0.02, -9.81, -0.1962, 1.0
0.03, -0.2943, 9.997057, 0.03, -9.81, -0.2943, 1.0
0.04, -0.3924, 9.994114, 0.04, -9.81, -0.3924, 1.0
0.05, -0.49050000000000005, 9.99019, 0.05, -9.81, -0.49050000000000005, 1.0
0.060000000000000005, -0.5886, 9.985285, 0.060000000000000005, -9.81, -0.5886, 1.0
0.07, -0.6867, 9.979398999999999, 0.07, -9.81, -0.6867, 1.0
0.08, -0.7847999999999999, 9.972532, 0.08, -9.81, -0.7847999999999999, 1.0
0.09, -0.8828999999999999, 9.964684, 0.09, -9.81, -0.8828999999999999, 1.0
0.09999999999999999, -0.9809999999999999, 9.955855, 0.09999999999999999, -9.81, -0.9809999999999999, 1.0
0.10999999999999999, -1.0791, 9.946045, 0.10999999999999999, -9.81, -1.0791, 1.0
0.11999999999999998, -1.1772, 9.935254, 0.11999999999999998, -9.81, -1.1772, 1.0
0.12999999999999998, -1.2753, 9.923482, 0.12999999999999998, -9.81, -1.2753, 1.0
0.13999999999999999, -1.3734000000000002, 9.910729, 0.13999999999999999, -9.81, -1.3734000000000002, 1.0
0.15, -1.4715000000000003, 9.896995, 0.15, -9.81, -1.4715000000000003, 1.0
0.16, -1.5696000000000003, 9.88228, 0.16, -9.81, -1.5696000000000003, 1.0
0.17, -1.6677000000000004, 9.866584, 0.17, -9.81, -1.6677000000000004, 1.0
0.18000000000000002, -1.7658000000000005, 9.849907, 0.18000000000000002, -9.81, -1.7658000000000005, 1.0
0.19000000000000003, -1.8639000000000006, 9.832249, 0.19000000000000003, -9.81, -1.8639000000000006, 1.0
0.20000000000000004, -1.9620000000000006, 9.813609999999999, 0.20000000000000004, -9.81, -1.9620000000000006, 1.0
0.21000000000000005, -2.0601000000000007, 9.793989999999999, 0.21000000000000005, -9.81, -2.0601000000000007, 1.0
0.22000000000000006, -2.158200000000001, 9.773389, 0.22000000000000006, -9.81, -2.158200000000001, 1.0
0.23000000000000007, -2.256300000000001, 9.751807, 0.23000000000000007, -9.81, -2.256300000000001, 1.0
0.24000000000000007, -2.354400000000001, 9.729244, 0.24000000000000007, -9.81, -2.354400000000001, 1.0
0.25000000000000006, -2.452500000000001, 9.7057, 0.25000000000000006, -9.81, -2.452500000000001, 1.0
0.26000000000000006, -2.550600000000001, 9.681175, 0.26000000000000006, -9.81, -2.550600000000001, 1.0
0.2700000000000001, -2.648700000000001, 9.655669, 0.2700000000000001, -9.81, -2.648700000000001, 1.0
0.2800000000000001, -2.7468000000000012, 9.629182, 0.2800000000000001, -9.81, -2.7468000000000012, 1.0
0.2900000000000001, -2.8449000000000013, 9.601714, 0.2900000000000001, -9.81, -2.8449000000000013, 1.0
0.3000000000000001, -2.9430000000000014, 9.573265, 0.3000000000000001, -9.81, -2.9430000000000014, 1.0
0.3100000000000001, -3.0411000000000015, 9.543835, 0.3100000000000001, -9.81, -3.0411000000000015, 1.0
0.3200000000000001, -3.1392000000000015, 9.513423999999999, 0.3200000000000001, -9.81, -3.1392000000000015, 1.0
0.3300000000000001, -3.2373000000000016, 9.482031999999998, 0.3300000000000001, -9.81, -3.2373000000000016, 1.0
0.34000000000000014, -3.3354000000000017, 9.449658999999999, 0.34000000000000014, -9.81, -3.3354000000000017, 1.0
0.35000000000000014, -3.4335000000000018, 9.416305, 0.35000000000000014, -9.81, -3.4335000000000018, 1.0
0.36000000000000015, -3.531600000000002, 9.381969999999999, 0.36000000000000015, -9.81, -3.531600000000002, 1.0
0.37000000000000016, -3.629700000000002, 9.346654, 0.37000000000000016, -9.81, -3.629700000000002, 1.0
0.38000000000000017, -3.727800000000002, 9.310357, 0.38000000000000017, -9.81, -3.727800000000002, 1.0
0.3900000000000002, -3.825900000000002, 9.273079, 0.3900000000000002, -9.81, -3.825900000000002, 1.0
0.4000000000000002, -3.924000000000002, 9.23482, 0.4000000000000002, -9.81, -3.924000000000002, 1.0
0.4100000000000002, -4.022100000000002, 9.19558, 0.4100000000000002, -9.81, -4.022100000000002, 1.0
0.4200000000000002, -4.120200000000001, 9.155358999999999, 0.4200000000000002, -9.81, -4.120200000000001, 1.0
0.4300000000000002, -4.218300000000001, 9.114156999999999, 0.4300000000000002, -9.81, -4.218300000000001, 1.0
0.4400000000000002, -4.316400000000001, 9.071973999999999, 0.4400000000000002, -9.81, -4.316400000000001, 1.0
0.45000000000000023, -4.4145, 9.028809999999998, 0.45000000000000023, -9.81, -4.4145, 1.0
0.46000000000000024, -4.5126, 8.984664999999998, 0.46000000000000024, -9.81, -4.5126, 1.0
0.47000000000000025, -4.6107, 8.939538999999998, 0.47000000000000025, -9.81, -4.6107, 1.0
0.48000000000000026, -4.708799999999999, 8.893431999999999, 0.48000000000000026, -9.81, -4.708799999999999, 1.0
0.49000000000000027, -4.806899999999999, 8.846343999999998, 0.49000000000000027, -9.81, -4.806899999999999, 1.0
0.5000000000000002, -4.9049999999999985, 8.798274999999999, 0.5000000000000002, -9.81, -4.9049999999999985, 1.0
0.5100000000000002, -5.003099999999998, 8.749225, 0.5100000000000002, -9.81, -5.003099999999998, 1.0
0.5200000000000002, -5.101199999999998, 8.699193999999999, 0.5200000000000002, -9.81, -5.101199999999998, 1.0
0.5300000000000002, -5.199299999999997, 8.648181999999998, 0.5300000000000002, -9.81, -5.199299999999997, 1.0
0.5400000000000003, -5.297399999999997, 8.596188999999999, 0.5400000000000003, -9.81, -5.297399999999997, 1.0
0.5500000000000003, -5.395499999999997, 8.543214999999998, 0.5500000000000003, -9.81, -5.395499999999997, 1.0
0.5600000000000003, -5.493599999999996, 8.489259999999998, 0.5600000000000003, -9.81, -5.493599999999996, 1.0
0.5700000000000003, -5.591699999999996, 8.434323999999998, 0.5700000000000003, -9.81, -5.591699999999996, 1.0
0.5800000000000003, -5.6897999999999955, 8.378407, 0.5800000000000003, -9.81, -5.6897999999999955, 1.0
0.5900000000000003, -5.787899999999995, 8.321508999999999, 0.5900000000000003, -9.81, -5.787899999999995, 1.0
0.6000000000000003, -5.885999999999995, 8.26363, 0.6000000000000003, -9.81, -5.885999999999995, 1.0
0.6100000000000003, -5.984099999999994, 8.20477, 0.6100000000000003, -9.81, -5.984099999999994, 1.0
0.6200000000000003, -6.082199999999994, 8.144929, 0.6200000000000003, -9.81, -6.082199999999994, 1.0
0.6300000000000003, -6.180299999999994, 8.084107, 0.6300000000000003, -9.81, -6.180299999999994, 1.0
0.6400000000000003, -6.278399999999993, 8.022304, 0.6400000000000003, -9.81, -6.278399999999993, 1.0
0.6500000000000004, -6.376499999999993, 7.95952, 0.6500000000000004, -9.81, -6.376499999999993, 1.0
0.6600000000000004, -6.474599999999993, 7.895755, 0.6600000000000004, -9.81, -6.474599999999993, 1.0
0.6700000000000004, -6.572699999999992, 7.831009000000001, 0.6700000000000004, -9.81, -6.572699999999992, 1.0
0.6800000000000004, -6.670799999999992, 7.765282000000001, 0.6800000000000004, -9.81, -6.670799999999992, 1.0
0.6900000000000004, -6.7688999999999915, 7.698574000000001, 0.6900000000000004, -9.81, -6.7688999999999915, 1.0
0.7000000000000004, -6.866999999999991, 7.630885000000001, 0.7000000000000004, -9.81, -6.866999999999991, 1.0
0.7100000000000004, -6.965099999999991, 7.562215000000001, 0.7100000000000004, -9.81, -6.965099999999991, 1.0
0.7200000000000004, -7.06319999999999, 7.492564000000002, 0.7200000000000004, -9.81, -7.06319999999999, 1.0
0.7300000000000004, -7.16129999999999, 7.421932000000002, 0.7300000000000004, -9.81, -7.16129999999999, 1.0
0.7400000000000004, -7.25939999999999, 7.350319000000002, 0.7400000000000004, -9.81, -7.25939999999999, 1.0
0.7500000000000004, -7.357499999999989, 7.277725000000002, 0.7500000000000004, -9.81, -7.357499999999989, 1.0
0.7600000000000005, -7.455599999999989, 7.204150000000002, 0.7600000000000005, -9.81, -7.455599999999989, 1.0
0.7700000000000005, -7.5536999999999885, 7.129594000000002, 0.7700000000000005, -9.81, -7.5536999999999885, 1.0
0.7800000000000005, -7.651799999999988, 7.054057000000002, 0.7800000000000005, -9.81, -7.651799999999988, 1.0
0.7900000000000005, -7.749899999999988, 6.977539000000002, 0.7900000000000005, -9.81, -7.749899999999988, 1.0
0.8000000000000005, -7.847999999999987, 6.900040000000002, 0.8000000000000005, -9.81, -7.847999999999987, 1.0
0.8100000000000005, -7.946099999999987, 6.8215600000000025, 0.8100000000000005, -9.81, -7.946099999999987, 1.0
0.8200000000000005, -8.044199999999988, 6.742099000000002, 0.8200000000000005, -9.81, -8.044199999999988, 1.0
0.8300000000000005, -8.142299999999988, 6.661657000000003, 0.8300000000000005, -9.81, -8.142299999999988, 1.0
0.8400000000000005, -8.240399999999989, 6.580234000000003, 0.8400000000000005, -9.81, -8.240399999999989, 1.0
0.8500000000000005, -8.33849999999999, 6.497830000000003, 0.8500000000000005, -9.81, -8.33849999999999, 1.0
0.8600000000000005, -8.43659999999999, 6.414445000000003, 0.8600000000000005, -9.81, -8.43659999999999, 1.0
0.8700000000000006, -8.53469999999999, 6.330079000000003, 0.8700000000000006, -9.81, -8.53469999999999, 1.0
0.8800000000000006, -8.63279999999999, 6.2447320000000035, 0.8800000000000006, -9.81, -8.63279999999999, 1.0
0.8900000000000006, -8.730899999999991, 6.1584040000000035, 0.8900000000000006, -9.81, -8.730899999999991, 1.0
0.9000000000000006, -8.828999999999992, 6.071095000000003, 0.9000000000000006, -9.81, -8.828999999999992, 1.0
0.9100000000000006, -8.927099999999992, 5.9828050000000035, 0.9100000000000006, -9.81, -8.927099999999992, 1.0
0.9200000000000006, -9.025199999999993, 5.893534000000003, 0.9200000000000006, -9.81, -9.025199999999993, 1.0
0.9300000000000006, -9.123299999999993, 5.803282000000004, 0.9300000000000006, -9.81, -9.123299999999993, 1.0
0.9400000000000006, -9.221399999999994, 5.712049000000004, 0.9400000000000006, -9.81, -9.221399999999994, 1.0
0.9500000000000006, -9.319499999999994, 5.619835000000004, 0.9500000000000006, -9.81, -9.319499999999994, 1.0
0.9600000000000006, -9.417599999999995, 5.526640000000004, 0.9600000000000006, -9.81, -9.417599999999995, 1.0
0.9700000000000006, -9.515699999999995, 5.432464000000004, 0.9700000000000006, -9.81, -9.515699999999995, 1.0
0.9800000000000006, -9.613799999999996, 5.337307000000004, 0.9800000000000006, -9.81, -9.613799999999996, 1.0
0.9900000000000007, -9.711899999999996, 5.241169000000004, 0.9900000000000007, -9.81, -9.711899999999996, 1.0
1.0000000000000007, -9.809999999999997, 5.144050000000004, 1.0000000000000007, -9.81, -9.809999999999997, 1.0
1.0100000000000007, -9.908099999999997, 5.045950000000004, 1.0100000000000007, -9.81, -9.908099999999997, 1.0
1.0200000000000007, -10.006199999999998, 4.946869000000004, 1.0200000000000007, -9.81, -10.006199999999998, 1.0
1.0300000000000007, -10.104299999999999, 4.846807000000004, 1.0300000000000007, -9.81, -10.104299999999999, 1.0
1.0400000000000007, -10.202399999999999, 4.745764000000004, 1.0400000000000007, -9.81, -10.202399999999999, 1.0
1.0500000000000007, -10.3005, 4.643740000000004, 1.0500000000000007, -9.81, -10.3005, 1.0
1.0600000000000007, -10.3986, 4.540735000000004, 1.0600000000000007, -9.81, -10.3986, 1.0
1.0700000000000007, -10.4967, 4.436749000000004, 1.0700000000000007, -9.81, -10.4967, 1.0
1.0800000000000007, -10.594800000000001, 4.331782000000004, 1.0800000000000007, -9.81, -10.594800000000001, 1.0
1.0900000000000007, -10.692900000000002, 4.225834000000004, 1.0900000000000007, -9.81, -10.692900000000002, 1.0
1.1000000000000008, -10.791000000000002, 4.118905000000004, 1.1000000000000008, -9.81, -10.791000000000002, 1.0
1.1100000000000008, -10.889100000000003, 4.010995000000004, 1.1100000000000008, -9.81, -10.889100000000003, 1.0
1.1200000000000008, -10.987200000000003, 3.902104000000004, 1.1200000000000008, -9.81, -10.987200000000003, 1.0
1.1300000000000008, -11.085300000000004, 3.792232000000004, 1.1300000000000008, -9.81, -11.085300000000004, 1.0
1.1400000000000008, -11.183400000000004, 3.6813790000000037, 1.1400000000000008, -9.81, -11.183400000000004, 1.0
1.1500000000000008, -11.281500000000005, 3.5695450000000037, 1.1500000000000008, -9.81, -11.281500000000005, 1.0
1.1600000000000008, -11.379600000000005, 3.456730000000004, 1.1600000000000008, -9.81, -11.379600000000005, 1.0
1.1700000000000008, -11.477700000000006, 3.3429340000000036, 1.1700000000000008, -9.81, -11.477700000000006, 1.0
1.1800000000000008, -11.575800000000006, 3.2281570000000035, 1.1800000000000008, -9.81, -11.575800000000006, 1.0
1.1900000000000008, -11.673900000000007, 3.1123990000000035, 1.1900000000000008, -9.81, -11.673900000000007, 1.0
1.2000000000000008, -11.772000000000007, 2.9956600000000035, 1.2000000000000008, -9.81, -11.772000000000007, 1.0
1.2100000000000009, -11.870100000000008, 2.8779400000000033, 1.2100000000000009, -9.81, -11.870100000000008, 1.0
1.2200000000000009, -11.968200000000008, 2.759239000000003, 1.2200000000000009, -9.81, -11.968200000000008, 1.0
1.2300000000000009, -12.066300000000009, 2.639557000000003, 1.2300000000000009, -9.81, -12.066300000000009, 1.0
1.2400000000000009, -12.16440000000001, 2.518894000000003, 1.2400000000000009, -9.81, -12.16440000000001, 1.0
1.2500000000000009, -12.26250000000001, 2.3972500000000028, 1.2500000000000009, -9.81, -12.26250000000001, 1.0
1.260000000000001, -12.36060000000001, 2.2746250000000026, 1.260000000000001, -9.81, -12.36060000000001, 1.0
1.270000000000001, -12.458700000000011, 2.1510190000000025, 1.270000000000001, -9.81, -12.458700000000011, 1.0
1.280000000000001, -12.556800000000012, 2.0264320000000025, 1.280000000000001, -9.81, -12.556800000000012, 1.0
1.290000000000001, -12.654900000000012, 1.9008640000000023, 1.290000000000001, -9.81, -12.654900000000012, 1.0
1.300000000000001, -12.753000000000013, 1.7743150000000023, 1.300000000000001, -9.81, -12.753000000000013, 1.0
1.310000000000001, -12.851100000000013, 1.6467850000000022, 1.310000000000001, -9.81, -12.851100000000013, 1.0
1.320000000000001, -12.949200000000014, 1.5182740000000021, 1.320000000000001, -9.81, -12.949200000000014, 1.0
1.330000000000001, -13.047300000000014, 1.388782000000002, 1.330000000000001, -9.81, -13.047300000000014, 1.0
1.340000000000001, -13.145400000000015, 1.258309000000002, 1.340000000000001, -9.81, -13.145400000000015, 1.0
1.350000000000001, -13.243500000000015, 1.1268550000000017, 1.350000000000001, -9.81, -13.243500000000015, 1.0
1.360000000000001, -13.341600000000016, 0.9944200000000015, 1.360000000000001, -9.81, -13.341600000000016, 1.0
1.370000000000001, -13.439700000000016, 0.8610040000000013, 1.370000000000001, -9.81, -13.439700000000016, 1.0
1.380000000000001, -13.537800000000017, 0.7266070000000011, 1.380000000000001, -9.81, -13.537800000000017, 1.0
1.390000000000001, -13.635900000000017, 0.5912290000000009, 1.390000000000001, -9.81, -13.635900000000017, 1.0
1.400000000000001, -13.734000000000018, 0.4548700000000007, 1.400000000000001, -9.81, -13.734000000000018, 1.0
1.410000000000001, -13.832100000000018, 0.31753000000000053, 1.410000000000001, -9.81, -13.832100000000018, 1.0
1.420000000000001, -13.930200000000019, 0.17920900000000034, 1.420000000000001, -9.81, -13.930200000000019, 1.0
1.430000000000001, -14.02830000000002, 0.03990700000000014, 1.430000000000001, -9.81, -14.02830000000002, 1.0
1.440000000000001, 4.237920000000006, -0.10037600000000005, 1.440000000000001, -9.81, 4.237920000000006, 1.0
1.450000000000001, 4.1398200000000065, -0.05799679999999999, 1.450000000000001, -9.81, 4.1398200000000065, 1.0
1.460000000000001, 4.041720000000007, -0.016598599999999922, 1.460000000000001, -9.81, 4.041720000000007, 1.0
1.470000000000001, 3.943620000000007, 0.023818600000000148, 1.470000000000001, -9.81, 3.943620000000007, 1.0
1.480000000000001, 3.8455200000000067, 0.06325480000000022, 1.480000000000001, -9.81, 3.8455200000000067, 1.0
1.490000000000001, 3.7474200000000066, 0.1017100000000003, 1.490000000000001, -9.81, 3.7474200000000066, 1.0
1.500000000000001, 3.6493200000000066, 0.13918420000000037, 1.500000000000001, -9.81, 3.6493200000000066, 1.0
1.5100000000000011, 3.5512200000000065, 0.17567740000000043, 1.5100000000000011, -9.81, 3.5512200000000065, 1.0
1.5200000000000011, 3.4531200000000064, 0.21118960000000048, 1.5200000000000011, -9.81, 3.4531200000000064, 1.0
1.5300000000000011, 3.3550200000000063, 0.24572080000000054, 1.5300000000000011, -9.81, 3.3550200000000063, 1.0
1.5400000000000011, 3.2569200000000063, 0.2792710000000006, 1.5400000000000011, -9.81, 3.2569200000000063, 1.0
1.5500000000000012, 3.158820000000006, 0.3118402000000007, 1.5500000000000012, -9.81, 3.158820000000006, 1.0
1.5600000000000012, 3.060720000000006, 0.34342840000000074, 1.5600000000000012, -9.81, 3.060720000000006, 1.0
1.5700000000000012, 2.962620000000006, 0.3740356000000008, 1.5700000000000012, -9.81, 2.962620000000006, 1.0
1.5800000000000012, 2.864520000000006, 0.40366180000000085, 1.5800000000000012, -9.81, 2.864520000000006, 1.0
1.5900000000000012, 2.766420000000006, 0.4323070000000009, 1.5900000000000012, -9.81, 2.766420000000006, 1.0
1.6000000000000012, 2.668320000000006, 0.45997120000000097, 1.6000000000000012, -9.81, 2.668320000000006, 1.0
1.6100000000000012, 2.5702200000000057, 0.48665440000000104, 1.6100000000000012, -9.81, 2.5702200000000057, 1.0
1.6200000000000012, 2.4721200000000056, 0.512356600000001, 1.6200000000000012, -9.81, 2.4721200000000056, 1.0
1.6300000000000012, 2.3740200000000056, 0.5370778000000012, 1.6300000000000012, -9.81, 2.3740200000000056, 1.0
1.6400000000000012, 2.2759200000000055, 0.5608180000000013, 1.6400000000000012, -9.81, 2.2759200000000055, 1.0
1.6500000000000012, 2.1778200000000054, 0.5835772000000014, 1.6500000000000012, -9.81, 2.1778200000000054, 1.0
1.6600000000000013, 2.0797200000000053, 0.6053554000000014, 1.6600000000000013, -9.81, 2.0797200000000053, 1.0
1.6700000000000013, 1.9816200000000053, 0.6261526000000015, 1.6700000000000013, -9.81, 1.9816200000000053, 1.0
1.6800000000000013, 1.8835200000000052, 0.6459688000000016, 1.6800000000000013, -9.81, 1.8835200000000052, 1.0
1.6900000000000013, 1.7854200000000051, 0.6648040000000016, 1.6900000000000013, -9.81, 1.7854200000000051, 1.0
1.7000000000000013, 1.687320000000005, 0.6826582000000017, 1.7000000000000013, -9.81, 1.687320000000005, 1.0
1.7100000000000013, 1.589220000000005, 0.6995314000000017, 1.7100000000000013, -9.81, 1.589220000000005, 1.0
1.7200000000000013, 1.4911200000000049, 0.7154236000000017, 1.7200000000000013, -9.81, 1.4911200000000049, 1.0
1.7300000000000013, 1.3930200000000048, 0.7303348000000017, 1.7300000000000013, -9.81, 1.3930200000000048, 1.0
1.7400000000000013, 1.2949200000000047, 0.7442650000000017, 1.7400000000000013, -9.81, 1.2949200000000047, 1.0
1.7500000000000013, 1.1968200000000047, 0.7572142000000017, 1.7500000000000013, -9.81, 1.1968200000000047, 1.0
1.7600000000000013, 1.0987200000000046, 0.7691824000000018, 1.7600000000000013, -9.81, 1.0987200000000046, 1.0
1.7700000000000014, 1.0006200000000045, 0.7801696000000019, 1.7700000000000014, -9.81, 1.0006200000000045, 1.0
1.7800000000000014, 0.9025200000000045, 0.790175800000002, 1.7800000000000014, -9.81, 0.9025200000000045, 1.0
1.7900000000000014, 0.8044200000000046, 0.799201000000002, 1.7900000000000014, -9.81, 0.8044200000000046, 1.0
1.8000000000000014, 0.7063200000000046, 0.8072452000000021, 1.8000000000000014, -9.81, 0.7063200000000046, 1.0
1.8100000000000014, 0.6082200000000046, 0.8143084000000022, 1.8100000000000014, -9.81, 0.6082200000000046, 1.0
1.8200000000000014, 0.5101200000000047, 0.8203906000000022, 1.8200000000000014, -9.81, 0.5101200000000047, 1.0
1.8300000000000014, 0.41202000000000466, 0.8254918000000022, 1.8300000000000014, -9.81, 0.41202000000000466, 1.0
1.8400000000000014, 0.31392000000000464, 0.8296120000000022, 1.8400000000000014, -9.81, 0.31392000000000464, 1.0
1.8500000000000014, 0.21582000000000462, 0.8327512000000022, 1.8500000000000014, -9.81, 0.21582000000000462, 1.0
1.8600000000000014, 0.11772000000000461, 0.8349094000000022, 1.8600000000000014, -9.81, 0.11772000000000461, 1.0
1.8700000000000014, 0.019620000000004606, 0.8360866000000023, 1.8700000000000014, -9.81, 0.019620000000004606, 1.0
1.8800000000000014, -0.0784799999999954, 0.8362828000000024, 1.8800000000000014, -9.81, -0.0784799999999954, 1.0
1.8900000000000015, -0.1765799999999954, 0.8354980000000025, 1.8900000000000015, -9.81, -0.1765799999999954, 1.0
1.9000000000000015, -0.27467999999999543, 0.8337322000000026, 1.9000000000000015, -9.81, -0.27467999999999543, 1.0
1.9100000000000015, -0.37277999999999545, 0.8309854000000026, 1.9100000000000015, -9.81, -0.37277999999999545, 1.0
1.9200000000000015, -0.47087999999999547, 0.8272576000000027, 1.9200000000000015, -9.81, -0.47087999999999547, 1.0
1.9300000000000015, -0.5689799999999955, 0.8225488000000027, 1.9300000000000015, -9.81, -0.5689799999999955, 1.0
1.9400000000000015, -0.6670799999999955, 0.8168590000000028, 1.9400000000000015, -9.81, -0.6670799999999955, 1.0
1.9500000000000015, -0.7651799999999954, 0.8101882000000028, 1.9500000000000015, -9.81, -0.7651799999999954, 1.0
1.9600000000000015, -0.8632799999999954, 0.8025364000000028, 1.9600000000000015, -9.81, -0.8632799999999954, 1.0
1.9700000000000015, -0.9613799999999953, 0.7939036000000028, 1.9700000000000015, -9.81, -0.9613799999999953, 1.0
1.9800000000000015, -1.0594799999999953, 0.7842898000000028, 1.9800000000000015, -9.81, -1.0594799999999953, 1.0
1.9900000000000015, -1.1575799999999954, 0.7736950000000029, 1.9900000000000015, -9.81, -1.1575799999999954, 1.0
2.0000000000000013, -1.2556799999999955, 0.762119200000003, 2.0000000000000013, -9.81, -1.2556799999999955, 1.0
2.010000000000001, -1.3537799999999955, 0.7495624000000031, 2.010000000000001, -9.81, -1.3537799999999955, 1.0
2.020000000000001, -1.4518799999999956, 0.7360246000000031, 2.020000000000001, -9.81, -1.4518799999999956, 1.0
2.0300000000000007, -1.5499799999999957, 0.7215058000000032, 2.0300000000000007, -9.81, -1.5499799999999957, 1.0
2.0400000000000005, -1.6480799999999958, 0.7060060000000032, 2.0400000000000005, -9.81, -1.6480799999999958, 1.0
2.0500000000000003, -1.7461799999999958, 0.6895252000000033, 2.0500000000000003, -9.81, -1.7461799999999958, 1.0
2.06, -1.844279999999996, 0.6720634000000033, 2.06, -9.81, -1.844279999999996, 1.0
2.07, -1.942379999999996, 0.6536206000000033, 2.07, -9.81, -1.942379999999996, 1.0
2.0799999999999996, -2.040479999999996, 0.6341968000000033, 2.0799999999999996, -9.81, -2.040479999999996, 1.0
2.0899999999999994, -2.138579999999996, 0.6137920000000033, 2.0899999999999994, -9.81, -2.138579999999996, 1.0
2.099999999999999, -2.2366799999999962, 0.5924062000000033, 2.099999999999999, -9.81, -2.2366799999999962, 1.0
2.109999999999999, -2.3347799999999963, 0.5700394000000034, 2.109999999999999, -9.81, -2.3347799999999963, 1.0
2.1199999999999988, -2.4328799999999964, 0.5466916000000035, 2.1199999999999988, -9.81, -2.4328799999999964, 1.0
2.1299999999999986, -2.5309799999999965, 0.5223628000000036, 2.1299999999999986, -9.81, -2.5309799999999965, 1.0
2.1399999999999983, -2.6290799999999965, 0.49705300000000363, 2.1399999999999983, -9.81, -2.6290799999999965, 1.0
2.149999999999998, -2.7271799999999966, 0.4707622000000037, 2.149999999999998, -9.81, -2.7271799999999966, 1.0
2.159999999999998, -2.8252799999999967, 0.4434904000000037, 2.159999999999998, -9.81, -2.8252799999999967, 1.0
2.1699999999999977, -2.9233799999999968, 0.41523760000000376, 2.1699999999999977, -9.81, -2.9233799999999968, 1.0
2.1799999999999975, -3.021479999999997, 0.3860038000000038, 2.1799999999999975, -9.81, -3.021479999999997, 1.0
2.1899999999999973, -3.119579999999997, 0.3557890000000038, 2.1899999999999973, -9.81, -3.119579999999997, 1.0
2.199999999999997, -3.217679999999997, 0.3245932000000038, 2.199999999999997, -9.81, -3.217679999999997, 1.0
2.209999999999997, -3.315779999999997, 0.29241640000000385, 2.209999999999997, -9.81, -3.315779999999997, 1.0
2.2199999999999966, -3.413879999999997, 0.2592586000000039, 2.2199999999999966, -9.81, -3.413879999999997, 1.0
2.2299999999999964, -3.511979999999997, 0.22511980000000392, 2.2299999999999964, -9.81, -3.511979999999997, 1.0
2.239999999999996, -3.6100799999999973, 0.19000000000000394, 2.239999999999996, -9.81, -3.6100799999999973, 1.0
2.249999999999996, -3.7081799999999974, 0.15389920000000396, 2.249999999999996, -9.81, -3.7081799999999974, 1.0
2.259999999999996, -3.8062799999999974, 0.11681740000000398, 2.259999999999996, -9.81, -3.8062799999999974, 1.0
2.2699999999999956, -3.9043799999999975, 0.078754600000004, 2.2699999999999956, -9.81, -3.9043799999999975, 1.0
2.2799999999999954, -4.002479999999998, 0.03971080000000403, 2.2799999999999954, -9.81, -4.002479999999998, 1.0
2.289999999999995, 1.2301739999999992, -3.1399999999594946E-4, 2.289999999999995, -9.81, 1.2301739999999992, 1.0
2.299999999999995, 1.1320739999999991, 0.011987740000004042, 2.299999999999995, -9.81, 1.1320739999999991, 1.0
2.3099999999999947, 1.033973999999999, 0.023308480000004034, 2.3099999999999947, -9.81, 1.033973999999999, 1.0
2.3199999999999945, 0.9358739999999991, 0.033648220000004024, 2.3199999999999945, -9.81, 0.9358739999999991, 1.0
2.3299999999999943, 0.8377739999999991, 0.043006960000004014, 2.3299999999999943, -9.81, 0.8377739999999991, 1.0
2.339999999999994, 0.7396739999999992, 0.051384700000004, 2.339999999999994, -9.81, 0.7396739999999992, 1.0
2.349999999999994, 0.6415739999999992, 0.058781440000003994, 2.349999999999994, -9.81, 0.6415739999999992, 1.0
2.3599999999999937, 0.5434739999999992, 0.06519718000000399, 2.3599999999999937, -9.81, 0.5434739999999992, 1.0
2.3699999999999934, 0.4453739999999992, 0.07063192000000398, 2.3699999999999934, -9.81, 0.4453739999999992, 1.0
2.3799999999999932, 0.3472739999999992, 0.07508566000000398, 2.3799999999999932, -9.81, 0.3472739999999992, 1.0
2.389999999999993, 0.24917399999999917, 0.07855840000000397, 2.389999999999993, -9.81, 0.24917399999999917, 1.0
2.399999999999993, 0.15107399999999915, 0.08105014000000396, 2.399999999999993, -9.81, 0.15107399999999915, 1.0
2.4099999999999926, 0.05297399999999915, 0.08256088000000396, 2.4099999999999926, -9.81, 0.05297399999999915, 1.0
2.4199999999999924, -0.04512600000000086, 0.08309062000000395, 2.4199999999999924, -9.81, -0.04512600000000086, 1.0
2.429999999999992, -0.14322600000000085, 0.08263936000000394, 2.429999999999992, -9.81, -0.14322600000000085, 1.0
2.439999999999992, -0.24132600000000087, 0.08120710000000393, 2.439999999999992, -9.81, -0.24132600000000087, 1.0
2.4499999999999917, -0.3394260000000009, 0.07879384000000392, 2.4499999999999917, -9.81, -0.3394260000000009, 1.0
2.4599999999999915, -0.4375260000000009, 0.07539958000000391, 2.4599999999999915, -9.81, -0.4375260000000009, 1.0
2.4699999999999913, -0.5356260000000009, 0.0710243200000039, 2.4699999999999913, -9.81, -0.5356260000000009, 1.0
2.479999999999991, -0.6337260000000009, 0.06566806000000389, 2.479999999999991, -9.81, -0.6337260000000009, 1.0
2.489999999999991, -0.7318260000000009, 0.059330800000003875, 2.489999999999991, -9.81, -0.7318260000000009, 1.0
2.4999999999999907, -0.8299260000000008, 0.05201254000000387, 2.4999999999999907, -9.81, -0.8299260000000008, 1.0
2.5099999999999905, -0.9280260000000008, 0.04371328000000386, 2.5099999999999905, -9.81, -0.9280260000000008, 1.0
2.5199999999999902, -1.0261260000000008, 0.03443302000000385, 2.5199999999999902, -9.81, -1.0261260000000008, 1.0
2.52999999999999, -1.1242260000000008, 0.024171760000003845, 2.52999999999999, -9.81, -1.1242260000000008, 1.0
2.53999999999999, -1.222326000000001, 0.012929500000003835, 2.53999999999999, -9.81, -1.222326000000001, 1.0
2.5499999999999896, -1.320426000000001, 7.062400000038254E-4, 2.5499999999999896, -9.81, -1.320426000000001, 1.0
2.5599999999999894, 0.4255578000000003, -0.012498019999996184, 2.5599999999999894, -9.81, 0.4255578000000003, 1.0
2.569999999999989, 0.3274578000000003, -0.008242441999996181, 2.569999999999989, -9.81, 0.3274578000000003, 1.0
2.579999999999989, 0.22935780000000028, -0.004967863999996177, 2.579999999999989, -9.81, 0.22935780000000028, 1.0
2.5899999999999888, 0.13125780000000026, -0.0026742859999961746, 2.5899999999999888, -9.81, 0.13125780000000026, 1.0
2.5999999999999885, 0.03315780000000025, -0.001361707999996172, 2.5999999999999885, -9.81, 0.03315780000000025, 1.0
2.6099999999999883, -0.06494219999999976, -0.0010301299999961695, 2.6099999999999883, -9.81, -0.06494219999999976, 1.0
2.619999999999988, 0.04891265999999992, -0.001679551999996167, 2.619999999999988, -9.81, 0.04891265999999992, 1.0
2.629999999999988, -0.049187340000000086, -0.0011904253999961679, 2.629999999999988, -9.81, -0.049187340000000086, 1.0
2.6399999999999877, 0.04418620200000003, -0.0016822987999961687, 2.6399999999999877, -9.81, 0.04418620200000003, 1.0
2.6499999999999875, -0.05391379799999998, -0.0012404367799961685, 2.6499999999999875, -9.81, -0.05391379799999998, 1.0
2.65, -0.053913798000121964, -0.001240436779996839, 2.65, -9.81, -0.053913798000121964, 1.0
